{"cameraMode":{"drawMode":0,"name":"Shaded","section":"Shading Mode"},"sceneLighting":false,"audioPlay":false,"sceneViewState":{"m_AlwaysRefresh":false,"showFog":true,"showSkybox":false,"showFlares":true,"showImageEffects":true,"showParticleSystems":true,"showVisualEffectGraphs":true,"m_FxEnabled":true},"in2DMode":false,"pivot":{"x":49.80745315551758,"y":-3.311605453491211,"z":-117.9000015258789},"rotation":{"x":-0.010455504059791565,"y":0.9603214859962463,"z":-0.036326613277196887,"w":-0.27635177969932558},"size":111.74612426757813,"orthographic":false}