{"cameraMode":{"drawMode":0,"name":"Shaded","section":"Shading Mode"},"sceneLighting":false,"audioPlay":false,"sceneViewState":{"m_AlwaysRefresh":false,"showFog":true,"showSkybox":false,"showFlares":true,"showImageEffects":true,"showParticleSystems":true,"showVisualEffectGraphs":true,"m_FxEnabled":true},"in2DMode":false,"pivot":{"x":108.27999877929688,"y":-13.021278381347657,"z":-116.08000183105469},"rotation":{"x":-0.010455504059791565,"y":0.9603214859962463,"z":-0.036326613277196887,"w":-0.27635177969932558},"size":0.8660253882408142,"orthographic":false}